<?xml version="1.0" encoding="UTF-8" standalone="yes"?>
<addon id="plugin.video.OakTecWizard" name="OakTec Wizard" version="1.0.0" provider-name="OakTec">
  <requires>
    <import addon="xbmc.python" version="2.1.0"/>
  </requires>
  <extension point="xbmc.python.pluginsource" library="default.py">
        <provides>video executable</provides>
  </extension>
  <extension point="xbmc.addon.metadata">
    <summary lang="de">OakTec Wizard</summary>
    <description lang="de">Best Garman Kodi Builds</description>
	<website>http://SimpleKodi.com</website>
    <platform>all</platform>
  </extension>
</addon>
